Text,URL
LIC's Single Premium Endowment Plan,/web/guest/lic-s-single-premium-endowment-plan-717-512n283v03
LIC's New Endowment Plan,/web/guest/lic-s-new-endowment-plan-714-512n277v03
LIC's New Jeevan Anand,/web/guest/lic-s-new-jeevan-anand-715%09512n279v03
LIC's Jeevan Lakshya,/web/guest/lic-s-jeevan-lakshya-733-512n297v03
LIC's Jeevan Labh Plan,/web/guest/lic-s-jeevan-labh-plan-736-512n304v03
LIC's Amritbaal,/web/guest/lic-s-amritbaal-774%09512n365v02
LIC's Bima Jyoti,/web/guest/lic-s-bima-jyoti-new
LIC's Jeevan Azad,/web/guest/lic-s-jeevan-azad
LIC's Jeevan Umang,/web/guest/lic-sjeevanumang-745%09512n312v03
LIC's Jeevan Utsav,/web/guest/lic-s-jeevan-utsav1
LIC's Jeevan Umang,/web/guest/lic-sjeevanumang-745%09512n312v03
LIC’s Bima Shree,/web/guest/lic-s-bima-shree
LIC's New Money Back Plan- 20 Years,/web/guest/lic-s-new-money-back-plan-20-years
LIC's New Money Back Plan-25 years,/web/guest/lic-s-new-money-back-plan-25-years
LIC's New Children's Money Back Plan,/web/guest/lic-s-new-children-s-money-back-plan
LIC's Jeevan Tarun,/web/guest/lic-s-jeevan-tarun
LIC's Bima Ratna,/web/guest/lic-s-bima-ratna
LIC’s Digi Term,/web/guest/lic-s-digi-term-876-512n356v01
LIC’s Digi Credit Life,/web/guest/lic-s-digi-credit-life-878-512n358v01
LIC’s Yuva Credit Life,/web/guest/lic-s-yuva-credit-life-877-512n357v01
LIC’s Yuva Term,/web/guest/lic-s-yuva-term-875-512n355v01
LIC's New Tech-Term,/web/guest/lic-s-new-tech-term-954-512n351v01
LIC's New Jeevan Amar,/web/guest/lic-s-new-jeevan-amar-955-512n350v01
LIC's Saral Jeevan Bima,/web/guest/lic-s-saral-jeevan-bima
LIC's Accident Benefit Rider,/web/guest/lic-s-accident-benefit-rider-512b203v03
LIC's Premium Waiver Benefit Rider,/web/guest/lic-s-premium-waiver-benefit-rider
LIC's Accidental Death & Disability Benefit Rider,/web/guest/lic-s-accidental-death-disability-benefit-rider-512b209v02
LIC's New Term Assurance Rider,/web/guest/lic-s-new-term-assurance-rider
LIC's Linked Accidental Death Benefit Rider,/web/guest/lic-s-linked-accidental-death-benefit-rider
