Source URL,Text,URL
https://licindia.in/web/guest/lic-s-single-premium-endowment-plan-717-512n283v03,Sales Brochure  (Content is in English),/documents/20121/1243952/LIC_Single+Premium+Endowment+plan_Sales+Brochure_4+inch+x+9+inch_Eng+%285%29+%281%29.pdf/30adacd1-9a91-f9f4-4d1d-aac21a07b93b?t=1729143498609
https://licindia.in/web/guest/lic-s-single-premium-endowment-plan-717-512n283v03,Policy Document  (Content is in English),/documents/20121/1243952/Final+Policy+doc_LIC%27s+New+SP+Endowment_V03_website.pdf/5509acb8-c60c-c287-d8d1-592ecf56f6b2?t=1728040243149
https://licindia.in/web/guest/lic-s-single-premium-endowment-plan-717-512n283v03,CIS LIC's Single Premium Endowment Plan  (Content is in English),/documents/20121/1243952/CIS+_Single+Premium+Endowment+Plan_717.pdf/0e3e3680-1be6-c355-8f18-9f23d58bdc35?t=1728034054867
https://licindia.in/web/guest/lic-s-new-endowment-plan-714-512n277v03,Sales brochure  (Content is in English),/documents/20121/1248951/Lic+NEW+ENDOWMENT+PLAN+2024++4x9+inches+wxh+single+pages.pdf+-8th+cut+Final+-+24.10.24.pdf/8bfc1204-31c9-4dbd-95c0-0991a1c7a392?t=1729776062988
https://licindia.in/web/guest/lic-s-new-endowment-plan-714-512n277v03,Policy Document  (Content is in English),/documents/20121/1243952/Final+Policy+doc_LIC%27s+New+Endowment_V03_website.pdf/46cf5516-ccb5-70ba-b28d-c7480959af13?t=1728039920686
https://licindia.in/web/guest/lic-s-new-endowment-plan-714-512n277v03,CIS LIC's New Endowment Plan  (Content is in English),/documents/20121/1243952/CIS+_New+Endowment+Plan_714.pdf/82c23105-3766-95b5-9097-42cd40bc0692?t=1728033951924
https://licindia.in/web/guest/lic-s-new-jeevan-anand-715%09512n279v03,Sales brochure  (Content is in English),/documents/20121/1248951/Lic+NEW+Jeevan+Anand+2024++4x9+inches+wxh+single+page+-+FINAL+-+24.10.24.pdf/d054b8f4-9cc5-2878-e794-801952ba36a9?t=1729775710554
https://licindia.in/web/guest/lic-s-new-jeevan-anand-715%09512n279v03,Policy Document  (Content is in English),/documents/20121/1243952/Final+Policy+Doc_LIC%27s+New+Jeevan+Anand_V03_website.pdf/c89a7a9a-a4f7-c353-a6e8-a7946e311468?t=1728040140682
https://licindia.in/web/guest/lic-s-new-jeevan-anand-715%09512n279v03,CIS LIC's New Jeevan Anand  (Content is in English),/documents/20121/1243952/CIS+_Jeevan+Anand_715.pdf/d81944d8-e1a6-20f9-fa50-96ee23a2a2c3?t=1728033756364
https://licindia.in/web/guest/lic-s-jeevan-lakshya-733-512n297v03,Sales Brochure  (Content is in English),/documents/20121/1248951/102283+LIC+Jeevan+Lakshya+Sales+Brochure_OCT+2024-ENG+%281%29.pdf/7c2d9e6f-1717-79b2-aa33-07dfcc1794c7?t=1728557091579
https://licindia.in/web/guest/lic-s-jeevan-lakshya-733-512n297v03,Policy Document  (Content is in English),/documents/20121/1243952/Policy+Document_LIC%27s+Jeevan+Lakshya_CC.pdf/3ffb63fb-10df-e2b1-7719-6283c1d06d41?t=1728050064693
https://licindia.in/web/guest/lic-s-jeevan-lakshya-733-512n297v03,CIS LIC's Jeevan Lakshya  (Content is in English),/documents/20121/1243952/CIS_Jeevan+Lakshya.pdf/693a4221-d890-c1c6-d946-0a5f40afcbcb?t=1728126311995
https://licindia.in/web/guest/lic-s-jeevan-labh-plan-736-512n304v03,Sales brochure  (Content is in English),/documents/20121/1240315/LIC_Jeevan+labh_Sales+Brochure_4+inch+x+9+inch_Eng+%283%29.pdf/946f96e2-a568-a059-ca72-2c79256a64a9?t=1729142806925
https://licindia.in/web/guest/lic-s-jeevan-labh-plan-736-512n304v03,Policy Document  (Content is in English),/documents/20121/1243952/Final_Policy+Docs_LIC%27s+Jeevan+Labh_V03_website.pdf/042e4ba3-075c-b59b-b08d-ff49b406831a?t=1728040449287
https://licindia.in/web/guest/lic-s-jeevan-labh-plan-736-512n304v03,CIS LIC's Jeevan Labh Plan  (Content is in English),/documents/20121/1243952/CIS+_Jeevan+Labh_736.pdf/091b2448-e4f4-d216-d834-8bff02d5ec72?t=1728034239209
https://licindia.in/web/guest/lic-s-amritbaal-774%09512n365v02,Sales Brochure  (Content is in English),/documents/20121/1248951/101941+LIC_Amritbaal+Sales+Brochure_SEPT+24+%284%29.pdf/f4bbe913-868e-21fe-931e-9daf9c26d96b?t=1728376384392
https://licindia.in/web/guest/lic-s-amritbaal-774%09512n365v02,Policy Document  (Content is in English),/documents/20121/1243952/Final_+Policy+Document+LIC%27s+Amritbaal+300924_cc_with_logo.pdf/e53e4a8b-26b0-ee4d-ed76-4659b9b49074?t=1728035625898
https://licindia.in/web/guest/lic-s-amritbaal-774%09512n365v02,CIS LIC's Amritbaal  (Content is in English),/documents/20121/1243952/CIS_Amritbaal01102024.pdf/6d5965d9-cc22-11f9-8e18-8af7673323dd?t=1728034848467
https://licindia.in/web/guest/lic-s-bima-jyoti-new,Sales Brochures  (Content is in English),/documents/20121/1248951/102292+Sales+Brochure+-+LIC%27s+Modified+BIMA+JYOTI+Plan_23-10-24_new.pdf/05b2f129-ce30-c57a-dad1-4661047f3ee8?t=1729774780853
https://licindia.in/web/guest/lic-s-bima-jyoti-new,Policy Document  (Content is in English),/documents/20121/1243952/Final+Policy+Document+LIC%27s+Bima+Jyoti+V03_website.pdf/71f29bd6-2a74-b999-5e83-9dceda49c8a6?t=1728995228661
https://licindia.in/web/guest/lic-s-bima-jyoti-new,CIS LIC's Bima Jyoti  (Content is in English),/documents/20121/1243952/CIS+_Bima+Jyoti.pdf/404ed566-7db7-c4c8-920f-a00ca16f9d5a?t=1728995227966
https://licindia.in/web/guest/lic-s-jeevan-azad,Sales Brochure  (Content is in English),/documents/20121/1319704/Modified_Sales+Brochure_LIC%27s+Jeevan+Azad.pdf/07bb3eb3-3cac-909f-224c-ce71019f8b67?t=1736489670156
https://licindia.in/web/guest/lic-s-jeevan-azad,Policy Document  (Content is in English),/documents/20121/1307964/Policy+Document+Modified+LIC%27s+Jeevan+Azad.pdf/75ae6c4f-f034-acc4-23b1-684a02aac2bc?t=1735734236484
https://licindia.in/web/guest/lic-s-jeevan-azad,CIS LIC's Jeevan Azad  (Content is in English),/documents/20121/1325029/CIS+Modified+LIC%27s+Jeevan+Azad.pdf/f5e1c533-a3e8-a749-9e76-0340aab37257?t=1737017716290
https://licindia.in/web/guest/lic-sjeevanumang-745%09512n312v03,Sales Brochures  (Content is in English),/documents/20121/1248951/LIC_Jeevan+Umang_Sales+Brochure_4+inch+x+9+inch_Eng+%281%29.pdf/1dcbc0ba-c05e-8cd7-b34c-7bcae1347271?t=1729776530358
https://licindia.in/web/guest/lic-sjeevanumang-745%09512n312v03,Policy Document  (Content is in English),/documents/20121/1240315/Policy_doc_Jeevan_Umang_290924-withlogo.pdf/5f44c0f9-821e-0a98-afb6-51b343ae71e9?t=1727867404715
https://licindia.in/web/guest/lic-sjeevanumang-745%09512n312v03,CIS LIC's Jeevan Umang  (Content is in English),/documents/20121/1245605/CIS+_Jeevan+Umang-website.pdf/2e66291d-b3f9-4773-193c-2e3a0784f325?t=1728055285641
https://licindia.in/web/guest/lic-s-jeevan-utsav1,Sales Brochure  (Content is in English),/documents/20121/1248984/102268-+Jeevan+Utsav+Sales+Brochure_WEB+PDF.pdf/077eba57-b22a-a01a-b4e0-b3d1f565e298?t=1728377714383
https://licindia.in/web/guest/lic-s-jeevan-utsav1,Policy Document  (Content is in English),/documents/20121/1240315/PolicyDocument-Jeevan+Utsav-V02-withlogo.pdf/7dfd2d09-a2d2-247b-0aed-698c89ea56af?t=1727867403829
https://licindia.in/web/guest/lic-s-jeevan-utsav1,CIS LIC's Jeevan Utsav  (Content is in English),/documents/20121/1245605/CIS+_jeevan+utsav+-Website_+R.pdf/11fdd328-5dbb-cac2-8ced-342a7565456a?t=1731428824989
https://licindia.in/web/guest/lic-sjeevanumang-745%09512n312v03,Sales Brochures  (Content is in English),/documents/20121/1248951/LIC_Jeevan+Umang_Sales+Brochure_4+inch+x+9+inch_Eng+%281%29.pdf/1dcbc0ba-c05e-8cd7-b34c-7bcae1347271?t=1729776530358
https://licindia.in/web/guest/lic-sjeevanumang-745%09512n312v03,Policy Document  (Content is in English),/documents/20121/1240315/Policy_doc_Jeevan_Umang_290924-withlogo.pdf/5f44c0f9-821e-0a98-afb6-51b343ae71e9?t=1727867404715
https://licindia.in/web/guest/lic-sjeevanumang-745%09512n312v03,CIS LIC's Jeevan Umang  (Content is in English),/documents/20121/1245605/CIS+_Jeevan+Umang-website.pdf/2e66291d-b3f9-4773-193c-2e3a0784f325?t=1728055285641
https://licindia.in/web/guest/lic-s-bima-shree,Policy Document  (Content is in English),/documents/20121/1297144/Modified_Policy_doc_Bima_Shree_V03_website.pdf/447cc2fe-1354-dd80-3a6b-69b1f6260fec?t=1734080156859
https://licindia.in/web/guest/lic-s-bima-shree,CIS LIC’s Bima Shree  (Content is in English),/documents/20121/1297144/CIS+_Modified+LIC%27s+Bima+Shree_V03_website+%281%29.pdf/52e97b1f-e6f0-5fa2-3698-fe1a4d43ffbd?t=1734080157611
https://licindia.in/web/guest/lic-s-new-money-back-plan-20-years,Sales Brochure  (Content is in English),/documents/20121/1319704/720-512N280V03NewMoneyBack20years.pdf/9039ef0e-5fd4-7ca4-60b0-21c90369d537?t=1737106276831
https://licindia.in/web/guest/lic-s-new-money-back-plan-20-years,Policy Document  (Content is in English),/documents/20121/1297144/Final+document+with+logo_MB20.pdf/08e8be76-1884-beb6-0a9e-bb3cec88599f?t=1734079665186
https://licindia.in/web/guest/lic-s-new-money-back-plan-20-years,CIS LIC's New Money Back Plan-20 years  (Content is in English),/documents/20121/1297144/Final+CIS_MB20.pdf/87f20dac-8943-2cb5-68e1-887642fd34c2?t=1734079664560
https://licindia.in/web/guest/lic-s-new-money-back-plan-25-years,Sales Brochure  (Content is in English),/documents/20121/1319704/Final+Sales+Brochure+LIC%27s+New+Money+Back+Plan-25+years.pdf/7650de42-7e4f-a30d-57c5-8c48eb838e88?t=1736489669465
https://licindia.in/web/guest/lic-s-new-money-back-plan-25-years,Policy Document  (Content is in English),/documents/20121/1307964/Final+Policy+document+with+logo_LIC%27s+New+Money+Back+Plan_25+years.pdf/b69e041b-bb10-c7ac-024a-67ed81534de4?t=1735734233355
https://licindia.in/web/guest/lic-s-new-money-back-plan-25-years,CIS LIC's New Money Back Plan-25 years  (Content is in English),/documents/20121/1325029/Final+CIS+LIC%27s+New+money+Back+Plan+25+years.pdf/d89798cd-01ae-e031-f9dc-06b8d3ac3641?t=1737017713639
https://licindia.in/web/guest/lic-s-new-children-s-money-back-plan,Sales Brochure  (Content is in English),/documents/20121/1319704/Final+Sales+Brochure_New+ChildrensMoney+BackPlan.pdf/5c497b62-1ab2-45cd-08e3-d3247f6ee43c?t=1736489668006
https://licindia.in/web/guest/lic-s-new-children-s-money-back-plan,Policy Document  (Content is in English),/documents/20121/1307964/Final+Policy+Doc_LIC%27s+New+ChidrensMoney+BackPlan_website.pdf/18c026c9-064e-550f-0e62-a3d7a78fc131?t=1735734234128
https://licindia.in/web/guest/lic-s-new-children-s-money-back-plan,CIS LIC's New Children's Money Back Plan  (Content is in English),/documents/20121/1325029/Final_CIS+_LIC%27s+New+ChildrensMoney_BackPlanV03.pdf/fdad64fa-1dd6-89a1-8d23-d72a12e9d62b?t=1737017714986
https://licindia.in/web/guest/lic-s-jeevan-tarun,Sales Brochure  (Content is in English),/documents/20121/1319704/Final+Sales+Brochure_LIC%27s+Jeevan+Tarun.pdf/9cf8dc26-ed81-03d9-28bb-9fcebc91d07d?t=1737971250219
https://licindia.in/web/guest/lic-s-jeevan-tarun,Policy Document  (Content is in English),/documents/20121/1296996/Policy+Document_LIC%27s+Jeevan+Tarun_V03.pdf/022d8e43-1083-c6e6-115c-b51f9540cb93?t=1734078972839
https://licindia.in/web/guest/lic-s-jeevan-tarun,CIS LIC's Jeevan Tarun  (Content is in English),/documents/20121/1297047/Final+CIS_LIC%27s+Jeevan+Tarun+_V03.pdf/e4ec1fa1-1cd4-735c-d1a8-7a86bf29307f?t=1734079245919
https://licindia.in/web/guest/lic-s-bima-ratna,Sales Brochure  (Content is in English),/documents/20121/1319704/Sales+Brochure+LIC%27s+Bima+Ratna.pdf/81aa744a-f0f0-8591-a2ef-13e762de440a?t=1736489670821
https://licindia.in/web/guest/lic-s-bima-ratna,Policy Document  (Content is in English),/documents/20121/1307964/Policy+Document+Modified+LIC%27s+Bima+Ratna.pdf/f226fbd1-f32f-1407-6fc1-f38c83974f2b?t=1735734237188
https://licindia.in/web/guest/lic-s-bima-ratna,CIS LIC's Bima Ratna  (Content is in English),/documents/20121/1325029/CIS+Modified+LIC%27s+Bima+Ratna.pdf/49525640-7aff-f1a1-ee40-332fbfeb70ae?t=1737017716910
https://licindia.in/web/guest/lic-s-digi-term-876-512n356v01,Sales Brochure  (Content is in English),/documents/20121/1319704/876-512N356V02DigiTerm.pdf/52382efe-6a41-4fc3-8979-a0f6753e1c74?t=1737106277605
https://licindia.in/web/guest/lic-s-digi-term-876-512n356v01,Policy Document  (Content is in English),/documents/20121/1243736/Policy+Document_LIC%27s_Digi+Term_V02.pdf/0797393b-4ddf-ac11-6cf2-a0fdea86d82c?t=1732264538490
https://licindia.in/web/guest/lic-s-digi-term-876-512n356v01,CIS LIC’s Digi Term  (Content is in English),/documents/20121/1243736/CIS+_LIC%27s+Digi+Term_V02.pdf/79767c5c-ef43-8235-3342-7198e872fb3c?t=1732265278643
https://licindia.in/web/guest/lic-s-digi-credit-life-878-512n358v01,Sales Brochures  (Content is in English),/documents/20121/1243736/LIC_Digi+Credit_Sales+Brochure_4+inch+x+9+inch_Eng.pdf/57715740-ba0f-8e2d-6188-0b5bfee6d873?t=1729742472911
https://licindia.in/web/guest/lic-s-digi-credit-life-878-512n358v01,Policy Document  (Content is in English),/documents/20121/1243736/Policy+Document_Digi+Credit+Life_CC.pdf/e41289c6-019a-c17f-081e-469d0f93394e?t=1728050234197
https://licindia.in/web/guest/lic-s-digi-credit-life-878-512n358v01,CIS LIC’s Digi Credit Life  (Content is in English),/documents/20121/1243736/CIS_Digi+Credit+Life.pdf/59316e1b-bd7a-1324-b8d8-41c85766c9fc?t=1728124364508
https://licindia.in/web/guest/lic-s-yuva-credit-life-877-512n357v01,Sales Brochure  (Content is in English),/documents/20121/1240315/Lic+leaflet+Yuva+Credit+4x9+inches+wxh.pdf/45e68d86-f84d-6eba-9b17-07f07b44f7fc?t=1729488505828
https://licindia.in/web/guest/lic-s-yuva-credit-life-877-512n357v01,Policy Document  (Content is in English),/documents/20121/1243736/Policy+Document_Yuva+Credit+Life_CC.pdf/733fc9e6-b967-a6f7-d34f-22a75547b300?t=1728050321091
https://licindia.in/web/guest/lic-s-yuva-credit-life-877-512n357v01,CIS LIC’s Yuva Credit Life  (Content is in English),/documents/20121/1243736/CIS_Yuva+Credit+Life.pdf/40ef3f11-028d-54bf-dfaa-7093e7844be1?t=1728124402559
https://licindia.in/web/guest/lic-s-yuva-term-875-512n355v01,Sales Brochures  (Content is in English),/documents/20121/1319704/875-512N355V02_YuvaTerm.pdf/d2bef1a2-4b09-705c-7718-a258d0509bee?t=1737104878165
https://licindia.in/web/guest/lic-s-yuva-term-875-512n355v01,Policy Document  (Content is in English),/documents/20121/1243736/Policy+Document_LIC%27s_Yuva+Term_V02.pdf/7c96542e-ad37-156d-7aaf-d1a03e8feaf4?t=1732264539340
https://licindia.in/web/guest/lic-s-yuva-term-875-512n355v01,CIS LIC’s Yuva Term  (Content is in English),/documents/20121/1243736/CIS+_LIC%27s+Yuva+Term_V02.pdf/4bbdc34c-2d70-8161-4524-62957ecd59eb?t=1732265278001
https://licindia.in/web/guest/lic-s-new-tech-term-954-512n351v01,Sales Brochure  (Content is in English),/documents/20121/1319704/954-512N351V02_NewTechTerm.pdf/d958268a-c69d-10a6-0f64-6ea6a5b38966?t=1737104877413
https://licindia.in/web/guest/lic-s-new-tech-term-954-512n351v01,Policy Document  (Content is in English),/documents/20121/1243736/Policy+document_LIC%27s_New+Tech-Term_V02.pdf/0880e486-f66a-4d65-6c4b-9bc45253de0e?t=1732264536744
https://licindia.in/web/guest/lic-s-new-tech-term-954-512n351v01,CIS LIC's New Tech-Term  (Content is in English),/documents/20121/1243736/CIS+_New+Tech+Term_V02.pdf/d9dca1e6-c360-8a1d-2aa3-284126e855ae?t=1732265279868
https://licindia.in/web/guest/lic-s-new-jeevan-amar-955-512n350v01,Sales Brochure  (Content is in English),/documents/20121/1319704/955-512N350V02NewJeevanAmar.pdf/5a2e1a97-66f7-7f29-119e-da18eaf81af4?t=1737104876609
https://licindia.in/web/guest/lic-s-new-jeevan-amar-955-512n350v01,Policy Document  (Content is in English),/documents/20121/1243736/Policy+Document_LIC%27s_New+Jeevan_Amar_V02.pdf/b72baa47-06ec-6d0b-d095-1364b9cac84e?t=1732264537689
https://licindia.in/web/guest/lic-s-new-jeevan-amar-955-512n350v01,CIS LIC's New Jeevan Amar  (Content is in English),/documents/20121/1243736/CIS_New+Jeevan+Amar_V02.pdf/f2b88488-0e2e-4ef0-9aee-822a3ed58701?t=1732265279263
https://licindia.in/web/guest/lic-s-saral-jeevan-bima,Sales Brochure  (Content is in English),/documents/20121/1319704/Modified_Sales+Brochure+LIC%27s+Saral+Jeevan+Bima.pdf/ac07b37e-059d-8d0b-492d-4179bad2748d?t=1736489671476
https://licindia.in/web/guest/lic-s-saral-jeevan-bima,Policy Document  (Content is in English),/documents/20121/1307964/Policy+Document+Modified+LIC%27s+Saral+Jeevan+Bima.pdf/3662a2c9-3ee1-9997-b83a-a7c08592b860?t=1735734237927
https://licindia.in/web/guest/lic-s-saral-jeevan-bima,CIS LIC's Saral Jeevan Bima  (Content is in English),/documents/20121/1325029/CIS+Modified+LIC%27s+Saral+Jeevan+Bima.pdf/d9e3abf9-8986-8b73-85c9-5404a0ea838c?t=1737017717540
https://licindia.in/web/guest/lic-s-accident-benefit-rider-512b203v03,Policy Document  (Content is in English),/documents/20121/1244453/RiderEndorsement_AB+Rider-V03-01102024-withlogo.pdf/6e08f9ea-cdef-167b-2660-de8bc21a95ed?t=1729677682733
https://licindia.in/web/guest/lic-s-premium-waiver-benefit-rider,Sales Brochures  (Content is in English),/documents/20121/1256234/Sales+Brouchure+PremiumWaiverBenefit+Rider-Single.pdf/10e6b25f-3bfb-4cc8-786f-2b73cbc035f8?t=1734507808114
https://licindia.in/web/guest/lic-s-premium-waiver-benefit-rider,Policy Document  (Content is in English),/documents/20121/1244453/RiderEndorsement_PWB+Rider-V04-withlogo.pdf/23833609-66a6-4204-cafe-567826cb1f08?t=1729681502430
https://licindia.in/web/guest/lic-s-accidental-death-disability-benefit-rider-512b209v02,Sales Brochures  (Content is in English),/documents/20121/1256234/102260_Accidental+Death+and+Disability+Benefit+Rider+Sales+Brochure.pdf/82f5f72b-735c-e43f-9377-46f194db4a50?t=1729168109648
https://licindia.in/web/guest/lic-s-accidental-death-disability-benefit-rider-512b209v02,Policy Document  (Content is in English),/documents/20121/1244453/RiderEndorsement_ADDB+Rider-V02-01102024-withlogo.pdf/eba1e07c-d686-0a8c-b07c-42b7ab2e3570?t=1729680996492
https://licindia.in/web/guest/lic-s-new-term-assurance-rider,Sales Brochures  (Content is in English),/documents/20121/1319704/Final+Sales+brochure_Modified+TAR_V02.pdf/50a1d228-fb4a-d1c6-af20-2d9d993063b8?t=1737971250882
https://licindia.in/web/guest/lic-s-new-term-assurance-rider,Policy Document  (Content is in English),/documents/20121/1240315/Final+Pol_Endorsement+Modified+TAR_V02_12112024.pdf/492138bb-8a57-fc64-7857-2f2b0d3a4008?t=1731407841417
https://licindia.in/web/guest/lic-s-linked-accidental-death-benefit-rider,Sales Brochures  (Content is in English),/documents/20121/1256234/102259+LIC_Linked+Accident+Benefit+Rider+Sales+Brochure_OCT+24.pdf/30b31c1c-fc8d-5f78-45a7-9b6b07e9c7f6?t=1729168072699
https://licindia.in/web/guest/lic-s-linked-accidental-death-benefit-rider,Policy Document  (Content is in English),/documents/20121/1244453/RiderEndorsement_LinkedAB+Rider-V02-01102024-withlogo.pdf/7e67a54d-9bdb-baa2-27e5-c1496be0ec59?t=1729681484008
